species	local_incomplete_count	ensembl_dir	match_type	exact_accession_count	assembly_name_match_count	has_gff3	has_gtf	gff3_url	gtf_url	gff3_listing_status	gtf_listing_status	observed_accessions	exact_accessions	assembly_name_matches
Beta vulgaris	326	beta_vulgaris	species_only	0	0	yes	yes	https://ftp.gramene.org/CURRENT_RELEASE/gff3/beta_vulgaris/Beta_vulgaris.RefBeet-1.2.2.61.chr.gff3.gz	https://ftp.gramene.org/CURRENT_RELEASE/gtf/beta_vulgaris/Beta_vulgaris.RefBeet-1.2.2.61.chr.gtf.gz	cached	cached			
Brassica napus	107	brassica_napus	species_only	0	0	yes	yes	https://ftp.gramene.org/CURRENT_RELEASE/gff3/brassica_napus/Brassica_napus.AST_PRJEB5043_v1.61.gff3.gz	https://ftp.gramene.org/CURRENT_RELEASE/gtf/brassica_napus/Brassica_napus.AST_PRJEB5043_v1.61.gtf.gz	cached	cached			
Brassica oleracea	28	brassica_oleracea	species_only	0	0	yes	yes	https://ftp.gramene.org/CURRENT_RELEASE/gff3/brassica_oleracea/Brassica_oleracea.BOL.61.chr.gff3.gz	https://ftp.gramene.org/CURRENT_RELEASE/gtf/brassica_oleracea/Brassica_oleracea.BOL.61.chr.gtf.gz	cached	cached			
Citrullus lanatus	117	citrullus_lanatus	species_only	0	0	yes	yes	https://ftp.gramene.org/CURRENT_RELEASE/gff3/citrullus_lanatus/Citrullus_lanatus.Cla97_v1.61.chr.gff3.gz	https://ftp.gramene.org/CURRENT_RELEASE/gtf/citrullus_lanatus/Citrullus_lanatus.Cla97_v1.61.chr.gtf.gz	cached	cached			
Cucumis melo	39	cucumis_melo	species_only	0	0	yes	yes	https://ftp.gramene.org/CURRENT_RELEASE/gff3/cucumis_melo/Cucumis_melo.Melonv4.61.gff3.gz	https://ftp.gramene.org/CURRENT_RELEASE/gtf/cucumis_melo/Cucumis_melo.Melonv4.61.gtf.gz	cached	cached			
Cucumis sativus	44	cucumis_sativus	species_only	0	0	yes	yes	https://ftp.gramene.org/CURRENT_RELEASE/gff3/cucumis_sativus/Cucumis_sativus.ASM407v2.61.chr.gff3.gz	https://ftp.gramene.org/CURRENT_RELEASE/gtf/cucumis_sativus/Cucumis_sativus.ASM407v2.61.chr.gtf.gz	cached	cached			
Glycine max	33	glycine_max	species_only	0	0	yes	yes	https://ftp.gramene.org/CURRENT_RELEASE/gff3/glycine_max/Glycine_max.Glycine_max_v2.1.61.chr.gff3.gz	https://ftp.gramene.org/CURRENT_RELEASE/gtf/glycine_max/Glycine_max.Glycine_max_v2.1.61.chr.gtf.gz	cached	cached			
Hordeum vulgare	171	hordeum_vulgare	species_only	0	0	yes	yes	https://ftp.gramene.org/CURRENT_RELEASE/gff3/hordeum_vulgare/Hordeum_vulgare.MorexV3_pseudomolecules_assembly.61.chr.gff3.gz	https://ftp.gramene.org/CURRENT_RELEASE/gtf/hordeum_vulgare/Hordeum_vulgare.MorexV3_pseudomolecules_assembly.61.chr.gtf.gz	cached	cached			
Hordeum vulgare	171	hordeum_vulgare_10tj18	species_only	0	0	yes	yes	https://ftp.gramene.org/CURRENT_RELEASE/gff3/hordeum_vulgare_10tj18/Hordeum_vulgare_10tj18.Hvulgare_10TJ18_BPGv2.61.chr.gff3.gz	https://ftp.gramene.org/CURRENT_RELEASE/gtf/hordeum_vulgare_10tj18/Hordeum_vulgare_10tj18.Hvulgare_10TJ18_BPGv2.61.chr.gtf.gz	cached	cached			
Hordeum vulgare	171	hordeum_vulgare_aizu6	species_only	0	0	yes	yes	https://ftp.gramene.org/CURRENT_RELEASE/gff3/hordeum_vulgare_aizu6/Hordeum_vulgare_aizu6.Hvulgare_cv_Aizu6_BPGv2.61.chr.gff3.gz	https://ftp.gramene.org/CURRENT_RELEASE/gtf/hordeum_vulgare_aizu6/Hordeum_vulgare_aizu6.Hvulgare_cv_Aizu6_BPGv2.61.chr.gtf.gz	cached	cached			
Hordeum vulgare	171	hordeum_vulgare_akashinriki	species_only	0	0	yes	yes	https://ftp.gramene.org/CURRENT_RELEASE/gff3/hordeum_vulgare_akashinriki/Hordeum_vulgare_akashinriki.Hvulgare_cv_Akashinriki_BPGv2.61.chr.gff3.gz	https://ftp.gramene.org/CURRENT_RELEASE/gtf/hordeum_vulgare_akashinriki/Hordeum_vulgare_akashinriki.Hvulgare_cv_Akashinriki_BPGv2.61.chr.gtf.gz	cached	cached			
Hordeum vulgare	171	hordeum_vulgare_barke	species_only	0	0	yes	yes	https://ftp.gramene.org/CURRENT_RELEASE/gff3/hordeum_vulgare_barke/Hordeum_vulgare_barke.Hvulgare_cv_Barke_BPGv2.61.chr.gff3.gz	https://ftp.gramene.org/CURRENT_RELEASE/gtf/hordeum_vulgare_barke/Hordeum_vulgare_barke.Hvulgare_cv_Barke_BPGv2.61.chr.gtf.gz	cached	cached			
Hordeum vulgare	171	hordeum_vulgare_bonus	species_only	0	0	yes	yes	https://ftp.gramene.org/CURRENT_RELEASE/gff3/hordeum_vulgare_bonus/Hordeum_vulgare_bonus.Hvulgare_cv_Bonus_BPGv2.61.chr.gff3.gz	https://ftp.gramene.org/CURRENT_RELEASE/gtf/hordeum_vulgare_bonus/Hordeum_vulgare_bonus.Hvulgare_cv_Bonus_BPGv2.61.chr.gtf.gz	cached	cached			
Hordeum vulgare	171	hordeum_vulgare_bowman	species_only	0	0	yes	yes	https://ftp.gramene.org/CURRENT_RELEASE/gff3/hordeum_vulgare_bowman/Hordeum_vulgare_bowman.Hvulgare_cv_Bowman_BPGv2.61.chr.gff3.gz	https://ftp.gramene.org/CURRENT_RELEASE/gtf/hordeum_vulgare_bowman/Hordeum_vulgare_bowman.Hvulgare_cv_Bowman_BPGv2.61.chr.gtf.gz	cached	cached			
Hordeum vulgare	171	hordeum_vulgare_chikurinibaraki1	species_only	0	0	yes	yes	https://ftp.gramene.org/CURRENT_RELEASE/gff3/hordeum_vulgare_chikurinibaraki1/Hordeum_vulgare_chikurinibaraki1.Hvulgare_cv_Chikurin_Ibaraki1_BPGv2.61.chr.gff3.gz	https://ftp.gramene.org/CURRENT_RELEASE/gtf/hordeum_vulgare_chikurinibaraki1/Hordeum_vulgare_chikurinibaraki1.Hvulgare_cv_Chikurin_Ibaraki1_BPGv2.61.chr.gtf.gz	cached	cached			
Hordeum vulgare	171	hordeum_vulgare_foma	species_only	0	0	yes	yes	https://ftp.gramene.org/CURRENT_RELEASE/gff3/hordeum_vulgare_foma/Hordeum_vulgare_foma.Hvulgare_cv_Foma_BPGv2.61.chr.gff3.gz	https://ftp.gramene.org/CURRENT_RELEASE/gtf/hordeum_vulgare_foma/Hordeum_vulgare_foma.Hvulgare_cv_Foma_BPGv2.61.chr.gtf.gz	cached	cached			
Hordeum vulgare	171	hordeum_vulgare_ft11	species_only	0	0	yes	yes	https://ftp.gramene.org/CURRENT_RELEASE/gff3/hordeum_vulgare_ft11/Hordeum_vulgare_ft11.Hvulgare_FT11_B1K_04_12_BPGv2.61.chr.gff3.gz	https://ftp.gramene.org/CURRENT_RELEASE/gtf/hordeum_vulgare_ft11/Hordeum_vulgare_ft11.Hvulgare_FT11_B1K_04_12_BPGv2.61.chr.gtf.gz	cached	cached			
Hordeum vulgare	171	hordeum_vulgare_ft144	species_only	0	0	yes	yes	https://ftp.gramene.org/CURRENT_RELEASE/gff3/hordeum_vulgare_ft144/Hordeum_vulgare_ft144.Hvulgare_FT144_BPGv2.61.chr.gff3.gz	https://ftp.gramene.org/CURRENT_RELEASE/gtf/hordeum_vulgare_ft144/Hordeum_vulgare_ft144.Hvulgare_FT144_BPGv2.61.chr.gtf.gz	cached	cached			
Hordeum vulgare	171	hordeum_vulgare_ft262	species_only	0	0	yes	yes	https://ftp.gramene.org/CURRENT_RELEASE/gff3/hordeum_vulgare_ft262/Hordeum_vulgare_ft262.Hvulgare_FT262_BPGv2.61.chr.gff3.gz	https://ftp.gramene.org/CURRENT_RELEASE/gtf/hordeum_vulgare_ft262/Hordeum_vulgare_ft262.Hvulgare_FT262_BPGv2.61.chr.gtf.gz	cached	cached			
Hordeum vulgare	171	hordeum_vulgare_ft286	species_only	0	0	yes	yes	https://ftp.gramene.org/CURRENT_RELEASE/gff3/hordeum_vulgare_ft286/Hordeum_vulgare_ft286.Hvulgare_FT286_BPGv2.61.chr.gff3.gz	https://ftp.gramene.org/CURRENT_RELEASE/gtf/hordeum_vulgare_ft286/Hordeum_vulgare_ft286.Hvulgare_FT286_BPGv2.61.chr.gtf.gz	cached	cached			
Hordeum vulgare	171	hordeum_vulgare_ft333	species_only	0	0	yes	yes	https://ftp.gramene.org/CURRENT_RELEASE/gff3/hordeum_vulgare_ft333/Hordeum_vulgare_ft333.Hvulgare_FT333_BPGv2.61.chr.gff3.gz	https://ftp.gramene.org/CURRENT_RELEASE/gtf/hordeum_vulgare_ft333/Hordeum_vulgare_ft333.Hvulgare_FT333_BPGv2.61.chr.gtf.gz	cached	cached			
Hordeum vulgare	171	hordeum_vulgare_ft628	species_only	0	0	yes	yes	https://ftp.gramene.org/CURRENT_RELEASE/gff3/hordeum_vulgare_ft628/Hordeum_vulgare_ft628.Hvulgare_FT628_BPGv2.61.chr.gff3.gz	https://ftp.gramene.org/CURRENT_RELEASE/gtf/hordeum_vulgare_ft628/Hordeum_vulgare_ft628.Hvulgare_FT628_BPGv2.61.chr.gtf.gz	cached	cached			
Hordeum vulgare	171	hordeum_vulgare_ft67	species_only	0	0	yes	yes	https://ftp.gramene.org/CURRENT_RELEASE/gff3/hordeum_vulgare_ft67/Hordeum_vulgare_ft67.Hvulgare_FT67_BPGv2.61.chr.gff3.gz	https://ftp.gramene.org/CURRENT_RELEASE/gtf/hordeum_vulgare_ft67/Hordeum_vulgare_ft67.Hvulgare_FT67_BPGv2.61.chr.gtf.gz	cached	cached			
Hordeum vulgare	171	hordeum_vulgare_ft880	species_only	0	0	yes	yes	https://ftp.gramene.org/CURRENT_RELEASE/gff3/hordeum_vulgare_ft880/Hordeum_vulgare_ft880.Hvulgare_FT880_BPGv2.61.chr.gff3.gz	https://ftp.gramene.org/CURRENT_RELEASE/gtf/hordeum_vulgare_ft880/Hordeum_vulgare_ft880.Hvulgare_FT880_BPGv2.61.chr.gtf.gz	cached	cached			
Hordeum vulgare	171	hordeum_vulgare_goldenmelon	species_only	0	0	yes	yes	https://ftp.gramene.org/CURRENT_RELEASE/gff3/hordeum_vulgare_goldenmelon/Hordeum_vulgare_goldenmelon.Hvulgare_cv_Golden_Melon_BPGv2.61.chr.gff3.gz	https://ftp.gramene.org/CURRENT_RELEASE/gtf/hordeum_vulgare_goldenmelon/Hordeum_vulgare_goldenmelon.Hvulgare_cv_Golden_Melon_BPGv2.61.chr.gtf.gz	cached	cached			
Hordeum vulgare	171	hordeum_vulgare_goldenpromise	species_only	0	0	yes	yes	https://ftp.gramene.org/CURRENT_RELEASE/gff3/hordeum_vulgare_goldenpromise/Hordeum_vulgare_goldenpromise.Hvulgare_cv_Golden_Promise_BPGv2.61.chr.gff3.gz	https://ftp.gramene.org/CURRENT_RELEASE/gtf/hordeum_vulgare_goldenpromise/Hordeum_vulgare_goldenpromise.Hvulgare_cv_Golden_Promise_BPGv2.61.chr.gtf.gz	cached	cached			
Hordeum vulgare	171	hordeum_vulgare_hid055	species_only	0	0	yes	yes	https://ftp.gramene.org/CURRENT_RELEASE/gff3/hordeum_vulgare_hid055/Hordeum_vulgare_hid055.Hvulgare_HID055_BPGv2.61.chr.gff3.gz	https://ftp.gramene.org/CURRENT_RELEASE/gtf/hordeum_vulgare_hid055/Hordeum_vulgare_hid055.Hvulgare_HID055_BPGv2.61.chr.gtf.gz	cached	cached			
Malus domestica	39	malus_domestica_golden	assembly_name	0	1	yes	yes	https://ftp.gramene.org/CURRENT_RELEASE/gff3/malus_domestica_golden/Malus_domestica_golden.ASM211411v1.61.chr.gff3.gz	https://ftp.gramene.org/CURRENT_RELEASE/gtf/malus_domestica_golden/Malus_domestica_golden.ASM211411v1.61.chr.gtf.gz	cached	cached			GCA_033882605.1
Manihot esculenta	22	manihot_esculenta	species_only	0	0	yes	yes	https://ftp.gramene.org/CURRENT_RELEASE/gff3/manihot_esculenta/Manihot_esculenta.M.esculenta_v8.61.chr.gff3.gz	https://ftp.gramene.org/CURRENT_RELEASE/gtf/manihot_esculenta/Manihot_esculenta.M.esculenta_v8.61.chr.gtf.gz	cached	cached			
Oryza sativa	176	oryza_sativa	species_only	0	0	yes	yes	https://ftp.gramene.org/CURRENT_RELEASE/gff3/oryza_sativa/Oryza_sativa.IRGSP-1.0.61.chr.gff3.gz	https://ftp.gramene.org/CURRENT_RELEASE/gtf/oryza_sativa/Oryza_sativa.IRGSP-1.0.61.chr.gtf.gz	cached	cached			
Oryza sativa	176	oryza_sativa_arc	species_only	0	0	yes	yes	https://ftp.gramene.org/CURRENT_RELEASE/gff3/oryza_sativa_arc/Oryza_sativa_arc.Os117425RS1.61.chr.gff3.gz	https://ftp.gramene.org/CURRENT_RELEASE/gtf/oryza_sativa_arc/Oryza_sativa_arc.Os117425RS1.61.chr.gtf.gz	cached	cached			
Oryza sativa	176	oryza_sativa_azucena	species_only	0	0	yes	yes	https://ftp.gramene.org/CURRENT_RELEASE/gff3/oryza_sativa_azucena/Oryza_sativa_azucena.AzucenaRS1.61.chr.gff3.gz	https://ftp.gramene.org/CURRENT_RELEASE/gtf/oryza_sativa_azucena/Oryza_sativa_azucena.AzucenaRS1.61.chr.gtf.gz	cached	cached			
Oryza sativa	176	oryza_sativa_chaomeo	species_only	0	0	yes	yes	https://ftp.gramene.org/CURRENT_RELEASE/gff3/oryza_sativa_chaomeo/Oryza_sativa_chaomeo.Os132278RS1.61.chr.gff3.gz	https://ftp.gramene.org/CURRENT_RELEASE/gtf/oryza_sativa_chaomeo/Oryza_sativa_chaomeo.Os132278RS1.61.chr.gtf.gz	cached	cached			
Oryza sativa	176	oryza_sativa_gobolsailbalam	species_only	0	0	yes	yes	https://ftp.gramene.org/CURRENT_RELEASE/gff3/oryza_sativa_gobolsailbalam/Oryza_sativa_gobolsailbalam.Os132424RS1.61.chr.gff3.gz	https://ftp.gramene.org/CURRENT_RELEASE/gtf/oryza_sativa_gobolsailbalam/Oryza_sativa_gobolsailbalam.Os132424RS1.61.chr.gtf.gz	cached	cached			
Oryza sativa	176	oryza_sativa_ir64	assembly_name	0	1	yes	yes	https://ftp.gramene.org/CURRENT_RELEASE/gff3/oryza_sativa_ir64/Oryza_sativa_ir64.OsIR64RS1.61.chr.gff3.gz	https://ftp.gramene.org/CURRENT_RELEASE/gtf/oryza_sativa_ir64/Oryza_sativa_ir64.OsIR64RS1.61.chr.gtf.gz	cached	cached			GCA_965117765.1
Oryza sativa	176	oryza_sativa_ketannangka	species_only	0	0	yes	yes	https://ftp.gramene.org/CURRENT_RELEASE/gff3/oryza_sativa_ketannangka/Oryza_sativa_ketannangka.Os128077RS1.61.chr.gff3.gz	https://ftp.gramene.org/CURRENT_RELEASE/gtf/oryza_sativa_ketannangka/Oryza_sativa_ketannangka.Os128077RS1.61.chr.gtf.gz	cached	cached			
Oryza sativa	176	oryza_sativa_khaoyaiguang	species_only	0	0	yes	yes	https://ftp.gramene.org/CURRENT_RELEASE/gff3/oryza_sativa_khaoyaiguang/Oryza_sativa_khaoyaiguang.Os127518RS1.61.chr.gff3.gz	https://ftp.gramene.org/CURRENT_RELEASE/gtf/oryza_sativa_khaoyaiguang/Oryza_sativa_khaoyaiguang.Os127518RS1.61.chr.gtf.gz	cached	cached			
Oryza sativa	176	oryza_sativa_larhamugad	species_only	0	0	yes	yes	https://ftp.gramene.org/CURRENT_RELEASE/gff3/oryza_sativa_larhamugad/Oryza_sativa_larhamugad.Os125619RS1.61.chr.gff3.gz	https://ftp.gramene.org/CURRENT_RELEASE/gtf/oryza_sativa_larhamugad/Oryza_sativa_larhamugad.Os125619RS1.61.chr.gtf.gz	cached	cached			
Oryza sativa	176	oryza_sativa_lima	species_only	0	0	yes	yes	https://ftp.gramene.org/CURRENT_RELEASE/gff3/oryza_sativa_lima/Oryza_sativa_lima.Os127564RS1.61.chr.gff3.gz	https://ftp.gramene.org/CURRENT_RELEASE/gtf/oryza_sativa_lima/Oryza_sativa_lima.Os127564RS1.61.chr.gtf.gz	cached	cached			
Oryza sativa	176	oryza_sativa_liuxu	species_only	0	0	yes	yes	https://ftp.gramene.org/CURRENT_RELEASE/gff3/oryza_sativa_liuxu/Oryza_sativa_liuxu.Os125827RS1.61.chr.gff3.gz	https://ftp.gramene.org/CURRENT_RELEASE/gtf/oryza_sativa_liuxu/Oryza_sativa_liuxu.Os125827RS1.61.chr.gtf.gz	cached	cached			
Oryza sativa	176	oryza_sativa_mh63	assembly_name	0	1	yes	yes	https://ftp.gramene.org/CURRENT_RELEASE/gff3/oryza_sativa_mh63/Oryza_sativa_mh63.MH63RS2.61.gff3.gz	https://ftp.gramene.org/CURRENT_RELEASE/gtf/oryza_sativa_mh63/Oryza_sativa_mh63.MH63RS2.61.gtf.gz	cached	cached			GCA_001623365.2
Oryza sativa	176	oryza_sativa_n22	species_only	0	0	yes	yes	https://ftp.gramene.org/CURRENT_RELEASE/gff3/oryza_sativa_n22/Oryza_sativa_n22.OsN22RS2.61.chr.gff3.gz	https://ftp.gramene.org/CURRENT_RELEASE/gtf/oryza_sativa_n22/Oryza_sativa_n22.OsN22RS2.61.chr.gtf.gz	cached	cached			
Oryza sativa	176	oryza_sativa_natelboro	species_only	0	0	yes	yes	https://ftp.gramene.org/CURRENT_RELEASE/gff3/oryza_sativa_natelboro/Oryza_sativa_natelboro.Os127652RS1.61.chr.gff3.gz	https://ftp.gramene.org/CURRENT_RELEASE/gtf/oryza_sativa_natelboro/Oryza_sativa_natelboro.Os127652RS1.61.chr.gtf.gz	cached	cached			
Oryza sativa	176	oryza_sativa_pr106	species_only	0	0	yes	yes	https://ftp.gramene.org/CURRENT_RELEASE/gff3/oryza_sativa_pr106/Oryza_sativa_pr106.Os127742RS1.61.chr.gff3.gz	https://ftp.gramene.org/CURRENT_RELEASE/gtf/oryza_sativa_pr106/Oryza_sativa_pr106.Os127742RS1.61.chr.gtf.gz	cached	cached			
Oryza sativa	176	oryza_sativa_zs97	species_only	0	0	yes	yes	https://ftp.gramene.org/CURRENT_RELEASE/gff3/oryza_sativa_zs97/Oryza_sativa_zs97.ZS97RS3.61.gff3.gz	https://ftp.gramene.org/CURRENT_RELEASE/gtf/oryza_sativa_zs97/Oryza_sativa_zs97.ZS97RS3.61.gtf.gz	cached	cached			
Solanum lycopersicum	37	solanum_lycopersicum	assembly_name	0	1	yes	yes	https://ftp.gramene.org/CURRENT_RELEASE/gff3/solanum_lycopersicum/Solanum_lycopersicum.SL3.0.61.chr.gff3.gz	https://ftp.gramene.org/CURRENT_RELEASE/gtf/solanum_lycopersicum/Solanum_lycopersicum.SL3.0.61.chr.gtf.gz	cached	cached			GCA_927333815.3
Solanum tuberosum	92	solanum_tuberosum	species_only	0	0	yes	yes	https://ftp.gramene.org/CURRENT_RELEASE/gff3/solanum_tuberosum/Solanum_tuberosum.SolTub_3.0.61.chr.gff3.gz	https://ftp.gramene.org/CURRENT_RELEASE/gtf/solanum_tuberosum/Solanum_tuberosum.SolTub_3.0.61.chr.gtf.gz	cached	cached			
Solanum tuberosum	92	solanum_tuberosum_rh8903916	species_only	0	0	yes	yes	https://ftp.gramene.org/CURRENT_RELEASE/gff3/solanum_tuberosum_rh8903916/Solanum_tuberosum_rh8903916.ASM1418947v1.61.gff3.gz	https://ftp.gramene.org/CURRENT_RELEASE/gtf/solanum_tuberosum_rh8903916/Solanum_tuberosum_rh8903916.ASM1418947v1.61.gtf.gz	cached	cached			
Triticum aestivum	56	triticum_aestivum	species_only	0	0	yes	yes	https://ftp.gramene.org/CURRENT_RELEASE/gff3/triticum_aestivum/Triticum_aestivum.IWGSC.61.gff3.gz	https://ftp.gramene.org/CURRENT_RELEASE/gtf/triticum_aestivum/Triticum_aestivum.IWGSC.61.gtf.gz	cached	cached			
Triticum aestivum	56	triticum_aestivum_alchemy	species_only	0	0	yes	yes	https://ftp.gramene.org/CURRENT_RELEASE/gff3/triticum_aestivum_alchemy/Triticum_aestivum_alchemy.GCA951799155v1.61.chr.gff3.gz	https://ftp.gramene.org/CURRENT_RELEASE/gtf/triticum_aestivum_alchemy/Triticum_aestivum_alchemy.GCA951799155v1.61.chr.gtf.gz	cached	cached	GCA_951799155		
Triticum aestivum	56	triticum_aestivum_arinalrfor	species_only	0	0	yes	yes	https://ftp.gramene.org/CURRENT_RELEASE/gff3/triticum_aestivum_arinalrfor/Triticum_aestivum_arinalrfor.PGSBv2.1.61.chr.gff3.gz	https://ftp.gramene.org/CURRENT_RELEASE/gtf/triticum_aestivum_arinalrfor/Triticum_aestivum_arinalrfor.PGSBv2.1.61.chr.gtf.gz	cached	cached			
Triticum aestivum	56	triticum_aestivum_cadenza	assembly_name	0	1	yes	yes	https://ftp.gramene.org/CURRENT_RELEASE/gff3/triticum_aestivum_cadenza/Triticum_aestivum_cadenza.EIv1.1.61.gff3.gz	https://ftp.gramene.org/CURRENT_RELEASE/gtf/triticum_aestivum_cadenza/Triticum_aestivum_cadenza.EIv1.1.61.gtf.gz	cached	cached			GCA_902810645.1
Triticum aestivum	56	triticum_aestivum_claire	assembly_name	0	1	yes	yes	https://ftp.gramene.org/CURRENT_RELEASE/gff3/triticum_aestivum_claire/Triticum_aestivum_claire.EIv1.1.61.gff3.gz	https://ftp.gramene.org/CURRENT_RELEASE/gtf/triticum_aestivum_claire/Triticum_aestivum_claire.EIv1.1.61.gtf.gz	cached	cached			GCA_902810655.1
Triticum aestivum	56	triticum_aestivum_jagger	species_only	0	0	yes	yes	https://ftp.gramene.org/CURRENT_RELEASE/gff3/triticum_aestivum_jagger/Triticum_aestivum_jagger.PGSBv2.1.61.chr.gff3.gz	https://ftp.gramene.org/CURRENT_RELEASE/gtf/triticum_aestivum_jagger/Triticum_aestivum_jagger.PGSBv2.1.61.chr.gtf.gz	cached	cached			
Triticum aestivum	56	triticum_aestivum_julius	species_only	0	0	yes	yes	https://ftp.gramene.org/CURRENT_RELEASE/gff3/triticum_aestivum_julius/Triticum_aestivum_julius.PGSBv2.1.61.chr.gff3.gz	https://ftp.gramene.org/CURRENT_RELEASE/gtf/triticum_aestivum_julius/Triticum_aestivum_julius.PGSBv2.1.61.chr.gtf.gz	cached	cached			
Triticum aestivum	56	triticum_aestivum_kariega	species_only	0	0	yes	yes	https://ftp.gramene.org/CURRENT_RELEASE/gff3/triticum_aestivum_kariega/Triticum_aestivum_kariega.Tae_Kariega_v1.61.gff3.gz	https://ftp.gramene.org/CURRENT_RELEASE/gtf/triticum_aestivum_kariega/Triticum_aestivum_kariega.Tae_Kariega_v1.61.gtf.gz	cached	cached			
Triticum aestivum	56	triticum_aestivum_lancer	species_only	0	0	yes	yes	https://ftp.gramene.org/CURRENT_RELEASE/gff3/triticum_aestivum_lancer/Triticum_aestivum_lancer.PGSBv2.1.61.chr.gff3.gz	https://ftp.gramene.org/CURRENT_RELEASE/gtf/triticum_aestivum_lancer/Triticum_aestivum_lancer.PGSBv2.1.61.chr.gtf.gz	cached	cached			
Triticum aestivum	56	triticum_aestivum_landmark	species_only	0	0	yes	yes	https://ftp.gramene.org/CURRENT_RELEASE/gff3/triticum_aestivum_landmark/Triticum_aestivum_landmark.PGSBv2.1.61.chr.gff3.gz	https://ftp.gramene.org/CURRENT_RELEASE/gtf/triticum_aestivum_landmark/Triticum_aestivum_landmark.PGSBv2.1.61.chr.gtf.gz	cached	cached			
Triticum aestivum	56	triticum_aestivum_mace	species_only	0	0	yes	yes	https://ftp.gramene.org/CURRENT_RELEASE/gff3/triticum_aestivum_mace/Triticum_aestivum_mace.PGSBv2.1.61.chr.gff3.gz	https://ftp.gramene.org/CURRENT_RELEASE/gtf/triticum_aestivum_mace/Triticum_aestivum_mace.PGSBv2.1.61.chr.gtf.gz	cached	cached			
Triticum aestivum	56	triticum_aestivum_mattis	species_only	0	0	yes	yes	https://ftp.gramene.org/CURRENT_RELEASE/gff3/triticum_aestivum_mattis/Triticum_aestivum_mattis.PGSBv2.1.61.chr.gff3.gz	https://ftp.gramene.org/CURRENT_RELEASE/gtf/triticum_aestivum_mattis/Triticum_aestivum_mattis.PGSBv2.1.61.chr.gtf.gz	cached	cached			
Triticum aestivum	56	triticum_aestivum_norin61	species_only	0	0	yes	yes	https://ftp.gramene.org/CURRENT_RELEASE/gff3/triticum_aestivum_norin61/Triticum_aestivum_norin61.PGSBv2.1.61.chr.gff3.gz	https://ftp.gramene.org/CURRENT_RELEASE/gtf/triticum_aestivum_norin61/Triticum_aestivum_norin61.PGSBv2.1.61.chr.gtf.gz	cached	cached			
Triticum aestivum	56	triticum_aestivum_paragon	species_only	0	0	yes	yes	https://ftp.gramene.org/CURRENT_RELEASE/gff3/triticum_aestivum_paragon/Triticum_aestivum_paragon.GCA949126075v1.61.chr.gff3.gz	https://ftp.gramene.org/CURRENT_RELEASE/gtf/triticum_aestivum_paragon/Triticum_aestivum_paragon.GCA949126075v1.61.chr.gtf.gz	cached	cached	GCA_949126075		
Triticum aestivum	56	triticum_aestivum_refseqv2	species_only	0	0	yes	yes	https://ftp.gramene.org/CURRENT_RELEASE/gff3/triticum_aestivum_refseqv2/Triticum_aestivum_refseqv2.IWGSC_RefSeq_v2.1.61.chr.gff3.gz	https://ftp.gramene.org/CURRENT_RELEASE/gtf/triticum_aestivum_refseqv2/Triticum_aestivum_refseqv2.IWGSC_RefSeq_v2.1.61.chr.gtf.gz	cached	cached			
Triticum aestivum	56	triticum_aestivum_renan	species_only	0	0	yes	yes	https://ftp.gramene.org/CURRENT_RELEASE/gff3/triticum_aestivum_renan/Triticum_aestivum_renan.Triticum_aestivum_Renan_v2.1.61.gff3.gz	https://ftp.gramene.org/CURRENT_RELEASE/gtf/triticum_aestivum_renan/Triticum_aestivum_renan.Triticum_aestivum_Renan_v2.1.61.gtf.gz	cached	cached			
Triticum aestivum	56	triticum_aestivum_robigus	assembly_name	0	1	yes	yes	https://ftp.gramene.org/CURRENT_RELEASE/gff3/triticum_aestivum_robigus/Triticum_aestivum_robigus.EIv1.1.61.gff3.gz	https://ftp.gramene.org/CURRENT_RELEASE/gtf/triticum_aestivum_robigus/Triticum_aestivum_robigus.EIv1.1.61.gtf.gz	cached	cached			GCA_902810685.1
Triticum aestivum	56	triticum_aestivum_stanley	species_only	0	0	yes	yes	https://ftp.gramene.org/CURRENT_RELEASE/gff3/triticum_aestivum_stanley/Triticum_aestivum_stanley.PGSBv2.2.61.chr.gff3.gz	https://ftp.gramene.org/CURRENT_RELEASE/gtf/triticum_aestivum_stanley/Triticum_aestivum_stanley.PGSBv2.2.61.chr.gtf.gz	cached	cached			
Triticum aestivum	56	triticum_aestivum_weebil	species_only	0	0	yes	yes	https://ftp.gramene.org/CURRENT_RELEASE/gff3/triticum_aestivum_weebil/Triticum_aestivum_weebil.WeebilV1.61.gff3.gz	https://ftp.gramene.org/CURRENT_RELEASE/gtf/triticum_aestivum_weebil/Triticum_aestivum_weebil.WeebilV1.61.gtf.gz	cached	cached			
Vitis vinifera	87	vitis_vinifera	species_only	0	0	yes	yes	https://ftp.gramene.org/CURRENT_RELEASE/gff3/vitis_vinifera/Vitis_vinifera.ASM3070453v1.61.gff3.gz	https://ftp.gramene.org/CURRENT_RELEASE/gtf/vitis_vinifera/Vitis_vinifera.ASM3070453v1.61.gtf.gz	cached	cached			
Zea mays	185	zea_mays	species_only	0	0	yes	yes	https://ftp.gramene.org/CURRENT_RELEASE/gff3/zea_mays/Zea_mays.Zm-B73-REFERENCE-NAM-5.0.61.chr.gff3.gz	https://ftp.gramene.org/CURRENT_RELEASE/gtf/zea_mays/Zea_mays.Zm-B73-REFERENCE-NAM-5.0.61.chr.gtf.gz	cached	cached			
